Report_ID,Table_Name,Table_Type,Column_Count,Measure_Count
R001,Patient,Dimension,4,0
R001,Admissions,Fact,6,3
R002,Patients,Dimension,4,0
R002,Admission,Fact,6,3
R003,Patient,Dimension,4,0
R003,Admissions,Fact,6,3
R004,Patient,Dimension,4,0
R004,Admissions,Fact,6,3
R004,Department,Dimension,3,0
R004,Calendar,Dimension,5,0
R005,Patient,Dimension,4,0
R005,Admissions,Fact,6,3
R006,Patient,Dimension,4,0
R006,Admissions,Fact,6,9
R007,Customer,Dimension,4,0
R007,Sales,Fact,8,6
R008,Patient,Dimension,3,0
R008,Provider,Dimension,4,0
R008,Appointments,Fact,6,5
R009,Patient,Dimension,4,0
R009,Admissions,Fact,6,3
R010,Patient,Dimension,4,0
R010,Admissions,Fact,6,3
R010,SecurityMap,Dimension,2,0
