Report_ID,Table_Name,Column_Name,Data_Type,Is_Key,Is_Hidden
R001,Admissions,AdmissionsID,Whole Number,No,No
R001,Admissions,Date,Date/Time,No,No
R001,Admissions,PatientID,Whole Number,Yes,No
R001,Admissions,Department,String,No,No
R001,Admissions,LengthOfStay,Whole Number,No,No
R001,Admissions,TotalCharge,Decimal Number,No,No
R001,Patient,PatientID,Whole Number,Yes,No
R001,Patient,PatientName,String,No,No
R001,Patient,AgeGroup,String,No,No
R001,Patient,Insurance,String,No,No
R002,Customer,CustomerID,Whole Number,Yes,No
R002,Customer,CustomerName,String,No,No
R002,Customer,Segment,String,No,No
R002,Customer,Region,String,No,No
R002,Customer,City,String,No,No
R002,Sales,SalesID,Whole Number,No,No
R002,Sales,Date,Date/Time,No,No
R002,Sales,CustomerID,Whole Number,Yes,No
R002,Sales,Product,String,No,No
R002,Sales,Category,String,No,No
R002,Sales,Quantity,Whole Number,No,No
R002,Sales,UnitPrice,Decimal Number,No,No
R002,Sales,Revenue,Decimal Number,No,No
R003,Appointments,AppointmentID,Whole Number,No,No
R003,Appointments,AppointmentDate,Date/Time,No,No
R003,Appointments,PatientID,Whole Number,Yes,No
R003,Appointments,ProviderID,Whole Number,Yes,No
R003,Appointments,VisitType,String,No,No
R003,Appointments,Status,String,No,No
R003,Appointments,DurationMinutes,Whole Number,No,No
R003,Appointments,Fee,Decimal Number,No,No
R003,Patient,PatientID,Whole Number,Yes,No
R003,Patient,PatientName,String,No,No
R003,Patient,City,String,No,No
R003,Provider,ProviderID,Whole Number,Yes,No
R003,Provider,ProviderName,String,No,No
R003,Provider,Specialty,String,No,No
R003,Provider,ProviderCity,String,No,No
R003,Provider,YearsExperience,Whole Number,No,No
R004,Admissions,AdmissionsID,Whole Number,No,No
R004,Admissions,Date,Date/Time,No,No
R004,Admissions,PatientID,Whole Number,Yes,No
R004,Admissions,Department,String,No,No
R004,Admissions,LengthOfStay,Whole Number,No,No
R004,Admissions,TotalCharge,Decimal Number,No,No
R004,Patient,PatientID,Whole Number,Yes,No
R004,Patient,PatientName,String,No,No
R004,Patient,AgeGroup,String,No,No
R004,Patient,Insurance,String,No,No
R004,SecurityMap,UserEmail,String,No,Yes
R004,SecurityMap,Department,String,No,Yes
R005,Admissions,AdmissionsID,Whole Number,No,No
R005,Admissions,Date,Date/Time,No,No
R005,Admissions,PatientID,Whole Number,Yes,No
R005,Admissions,Department,String,No,No
R005,Admissions,LengthOfStay,Whole Number,No,No
R005,Admissions,TotalCharge,Decimal Number,No,No
R005,Patient,PatientID,Whole Number,Yes,No
R005,Patient,PatientName,String,No,No
R005,Patient,AgeGroup,String,No,No
R005,Patient,Insurance,String,No,No
R006,Admission,AdmissionsID,Whole Number,No,No
R006,Admission,AdmissionDate,Date/Time,No,No
R006,Admission,PatientID,Whole Number,No,No
R006,Admission,Department,String,No,No
R006,Admission,Length_Of_Stay,Whole Number,No,No
R006,Admission,Total_Charge,Decimal Number,No,No
R006,Admissions,AdmissionsID,Whole Number,No,No
R006,Admissions,Date,Date/Time,No,No
R006,Admissions,PatientID,Whole Number,Yes,No
R006,Admissions,Department,String,No,No
R006,Admissions,LengthOfStay,Whole Number,No,No
R006,Admissions,TotalCharge,Decimal Number,No,No
R006,Patient,PatientID,Whole Number,Yes,No
R006,Patient,PatientName,String,No,No
R006,Patient,AgeGroup,String,No,No
R006,Patient,Insurance,String,No,No
R006,Patients,PatientID,Whole Number,No,No
R006,Patients,Patient_Name,String,No,No
R006,Patients,Age_Group,String,No,No
R006,Patients,InsuranceType,String,No,No
R007,Admissions,AdmissionsID,Whole Number,No,No
R007,Admissions,Date,Date/Time,No,No
R007,Admissions,PatientID,Whole Number,Yes,No
R007,Admissions,Department,String,No,No
R007,Admissions,LengthOfStay,Whole Number,No,No
R007,Admissions,TotalCharge,Decimal Number,No,No
R007,Patient,PatientID,Whole Number,Yes,No
R007,Patient,PatientName,String,No,No
R007,Patient,AgeGroup,String,No,No
R007,Patient,Insurance,String,No,No
R008,Admissions,AdmissionsID,Whole Number,No,No
R008,Admissions,Date,Date/Time,Yes,No
R008,Admissions,PatientID,Whole Number,Yes,No
R008,Admissions,Department,String,Yes,No
R008,Admissions,LengthOfStay,Whole Number,No,No
R008,Admissions,TotalCharge,Decimal Number,No,No
R008,Calendar,Date,Date/Time,Yes,No
R008,Calendar,Year,Whole Number,No,No
R008,Calendar,Quarter,String,No,No
R008,Calendar,MonthNumber,Whole Number,No,No
R008,Calendar,Month,String,No,No
R008,Calendar,Day,Whole Number,No,No
R008,Calendar,DayName,String,No,No
R008,Department,Department,String,Yes,No
R008,Patient,PatientID,Whole Number,Yes,No
R008,Patient,PatientName,String,No,No
R008,Patient,AgeGroup,String,No,No
R008,Patient,Insurance,String,No,No
R009,Admissions,AdmissionsID,Whole Number,No,No
R009,Admissions,Date,Date/Time,No,No
R009,Admissions,PatientID,Whole Number,Yes,No
R009,Admissions,Department,String,No,No
R009,Admissions,LengthOfStay,Whole Number,No,No
R009,Admissions,TotalCharge,Decimal Number,No,No
R009,Patient,PatientID,Whole Number,Yes,No
R009,Patient,PatientName,String,No,No
R009,Patient,AgeGroup,String,No,No
R009,Patient,Insurance,String,No,No
R010,Admissions,AdmissionsID,Whole Number,No,No
R010,Admissions,Date,Date/Time,No,No
R010,Admissions,PatientID,Whole Number,Yes,No
R010,Admissions,Department,String,No,No
R010,Admissions,LengthOfStay,Whole Number,No,No
R010,Admissions,TotalCharge,Decimal Number,No,No
R010,Patient,PatientID,Whole Number,Yes,No
R010,Patient,PatientName,String,No,No
R010,Patient,AgeGroup,String,No,No
R010,Patient,Insurance,String,No,No
